recipe:position,225,250,275,300
a:bottom,61.73865532,53.91262665,74.4147298,98.78678449
a:top,51.70975081,52.0097352,68.57685849,50.22846967
b:bottom,57.09531986,61.90436921,61.19697984,99.24854054
b:top,82.45500356,95.22415072,98.5948808,58.16934945
c:bottom,96.47020729,52.00135827,92.89322661,65.47308375
c:top,71.30630809,82.79547666,92.09804948,53.96027254
d:bottom,52.79975277,58.67041908,51.74768585,56.18310976
d:top,96.87317769,76.10136308,59.57162007,50.9716262